{"triangle": [0.0, 0.0, 0.11238105960900002, 0.517092619509, 0.6051894039100001, 0.25952684401, 0.0, 0.0, 0.0, 0.0, 0.0, 0.0, 0.20426720850900001, 0.717570463519, 0.5542404039100001, 0.51518940391, 0.059049000000000004, 0.0, 0.0, 0.0, 0.0, 0.11238105960900002, 0.4047115599, 0.29135425501, 0.20238105960900005, 0.62714040391, 0.37547356501, 0.0, 0.0, 0.0, 0.0, 0.210172108509, 0.53957940391, 0.10047784401, 0.031381059609000006, 0.3107158389, 0.51518940391, 0.059049000000000004, 0.0, 0.0, 0.0, 0.426216208509, 0.34449835501000003, 0.06561, 0.0, 0.031381059609000006, 0.52714040391, 0.46204530391000004, 0.0, 0.0, 0.140049, 0.536092619509, 0.19135425501000003, 0.0, 0.0, 0.0, 0.255525159609, 0.68618940391, 0.1, 0.0, 0.30017210850900006, 0.5461404039100001, 0.06561, 0.0, 0.0, 0.0, 0.031381059609000006, 0.492911463519, 0.54304530391, 0.0, 0.569262929509, 0.41739835501, 0.0, 0.0, 0.0, 0.0, 0.0, 0.031381059609000006, 0.717570463519, 0.06561, 0.617092619509, 0.20735653401, 0.059049000000000004, 0.059049000000000004, 0.059049000000000004, 0.0, 0.0, 0.0, 0.42001146351900004, 0.717570463519, 0.658521463519, 0.658521463519, 0.658521463519, 0.658521463519, 0.658521463519, 0.717570463519, 0.717570463519, 0.717570463519, 0.717570463519, 0.717570463519], "circle": [0.0, 0.06561, 0.38260167154039004, 0.6933175104403901, 0.7941088679053511, 0.7941088679053511, 0.7941088679053511, 0.6168169142572509, 0.40291146351900003, 0.13414410000000004, 0.19699105960899999, 0.5496105128953511, 0.6126501500130609, 0.18736309636496098, 0.022876792454961006, 0.022876792454961006, 0.1182429536481, 0.36832061193139004, 0.659964767905351, 0.4619604635190001, 0.67025828545039, 0.5126501500130609, 0.12385058245496103, 0.022876792454961006, 0.022876792454961006, 0.022876792454961006, 0.022876792454961006, 0.0, 0.332148404386351, 0.6941088679053511, 0.7941088679053511, 0.12385058245496103, 0.0, 0.0, 0.0, 0.0, 0.0, 0.0, 0.1, 0.7941088679053511, 0.7941088679053511, 0.0, 0.0, 0.0, 0.0, 0.0, 0.0, 0.0, 0.0, 0.7941088679053511, 0.7941088679053511, 0.0, 0.0, 0.0, 0.0, 0.0, 0.0, 0.0, 0.0, 0.7941088679053511, 0.7941088679053511, 0.0, 0.0, 0.0, 0.0, 0.0, 0.0, 0.0, 0.0, 0.7941088679053511, 0.7941088679053511, 0.19699105960899999, 0.0, 0.0, 0.0, 0.0, 0.0, 0.0, 0.08178876989999999, 0.7941088679053511, 0.448068808296351, 0.585927649722061, 0.314659, 0.0, 0.0, 0.0, 0.0, 0.08178876989999999, 0.5110401218022899, 0.552109348396351, 0.07856275828329001, 0.448068808296351, 0.7941088679053511, 0.7941088679053511, 0.7941088679053511, 0.7941088679053511, 0.7941088679053511, 0.751062146905351, 0.633109348396351, 0.231949], "square": [0.6132894039100001, 0.6132894039100001, 0.68618940391, 0.6132894039100001, 0.6132894039100001, 0.6132894039100001, 0.5322894039100001, 0.5322894039100001, 0.5322894039100001, 0.49742155990000003, 0.5594354109999999, 0.1260441, 0.1116420489, 0.0729, 0.0729, 0.0729, 0.15389999999999998, 0.15389999999999998, 0.18876784401000002, 0.68618940391, 0.5214032550100001, 0.0531441, 0.1116420489, 0.0, 0.0, 0.0, 0.0, 0.0, 0.0, 0.68618940391, 0.57454735501, 0.0, 0.1116420489, 0.0, 0.0, 0.0, 0.0, 0.0, 0.0, 0.68618940391, 0.57454735501, 0.0, 0.1116420489, 0.0, 0.0, 0.0, 0.0, 0.0, 0.0, 0.68618940391, 0.57454735501, 0.0, 0.1116420489, 0.0, 0.0, 0.0, 0.0, 0.0, 0.0, 0.68618940391, 0.57454735501, 0.0, 0.1116420489, 0.0, 0.0, 0.0, 0.0, 0.0, 0.0, 0.68618940391, 0.50893735501, 0.06561, 0.1116420489, 0.0, 0.0, 0.0, 0.0, 0.0, 0.081, 0.68618940391, 0.50893735501, 0.06561, 0.1116420489, 0.0, 0.0, 0.0, 0.081, 0.081, 0.081, 0.6051894039100001, 0.50893735501, 0.57454735501, 0.68618940391, 0.68618940391, 0.68618940391, 0.68618940391, 0.6051894039100001, 0.6051894039100001, 0.6051894039100001, 0.6051894039100001], "rectangle": [0.5217031000000001, 0.4695327900000001, 0.4695327900000001, 0.33102279000000007, 0.33102279000000007, 0.24102279000000001, 0.24102279000000001, 0.24102279000000001, 0.24102279000000001, 0.24102279000000001, 0.5695327900000001, 0.14782969, 0.16561000000000003, 0.23851, 0.23851, 0.32851, 0.32851, 0.32851, 0.32851, 0.5695327900000001, 0.5695327900000001, 0.0, 0.0, 0.0, 0.0, 0.0, 0.0, 0.0, 0.0, 0.5695327900000001, 0.5695327900000001, 0.0, 0.0, 0.0, 0.0, 0.0, 0.0, 0.0, 0.04782969, 0.5695327900000001, 0.5695327900000001, 0.0, 0.0, 0.0, 0.0, 0.0, 0.0, 0.0, 0.04782969, 0.5217031000000001, 0.5695327900000001, 0.0, 0.0, 0.0, 0.0, 0.0, 0.0, 0.0, 0.04782969, 0.5217031000000001, 0.5695327900000001, 0.0, 0.0, 0.0, 0.0, 0.0, 0.0, 0.0, 0.14782969, 0.5217031000000001, 0.5695327900000001, 0.17099999999999999, 0.17099999999999999, 0.17099999999999999, 0.081, 0.081, 0.0, 0.0, 0.23782969, 0.42170310000000005, 0.39853279, 0.1, 0.0, 0.09, 0.09, 0.17099999999999999, 0.081, 0.081, 0.30343969000000004, 0.2660931, 0.29853279000000005, 0.39853279, 0.39853279, 0.39853279, 0.39853279, 0.39853279, 0.48853279, 0.5695327900000001, 0.5695327900000001, 0.2660931], "waves": [0.0, 0.19, 0.19, 0.1, 0.19, 0.1, 0.09, 0.0, 0.0, 0.0, 0.0, 0.19, 0.19, 0.1, 0.19, 0.19, 0.09, 0.09, 0.0, 0.0, 0.0, 0.19, 0.19, 0.0, 0.19, 0.19, 0.09, 0.19, 0.0, 0.0, 0.0, 0.19, 0.19, 0.0, 0.19, 0.19, 0.09, 0.19, 0.1, 0.09, 0.0, 0.19, 0.19, 0.0, 0.19, 0.19, 0.09, 0.19, 0.1, 0.09, 0.0, 0.19, 0.19, 0.1, 0.19, 0.19, 0.09, 0.19, 0.1, 0.09, 0.0, 0.19, 0.19, 0.19, 0.19, 0.1, 0.1, 0.19, 0.19, 0.09, 0.09, 0.19, 0.09, 0.09, 0.1, 0.1, 0.1, 0.1, 0.1, 0.19, 0.19, 0.1, 0.0, 0.09, 0.0, 0.0, 0.0, 0.1, 0.1, 0.1, 0.19, 0.0, 0.0, 0.0, 0.0, 0.0, 0.0, 0.1, 0.0, 0.0], "a": [0.0, 0.0, 0.2439, 0.402949, 0.46855900000000006, 0.37265410000000004, 0.2539, 0.0, 0.0, 0.0, 0.0, 0.5217031000000001, 0.5217031000000001, 0.17780310000000002, 0.214659, 0.11875409999999999, 0.2539, 0.0, 0.0, 0.0, 0.5217031000000001, 0.44880310000000007, 0.0, 0.0, 0.09, 0.2678031, 0.37265410000000004, 0.081, 0.0, 0.0, 0.5217031000000001, 0.0, 0.0, 0.0, 0.09, 0.27509310000000003, 0.44880310000000007, 0.2539, 0.0, 0.0, 0.5217031000000001, 0.0, 0.0, 0.0, 0.09, 0.1850931, 0.44880310000000007, 0.30704410000000004, 0.0, 0.0, 0.5217031000000001, 0.0, 0.0, 0.0729, 0.221949, 0.25070310000000007, 0.181, 0.44070310000000007, 0.2539, 0.0, 0.5217031000000001, 0.1729, 0.0729, 0.1629, 0.059049000000000004, 0.2997541, 0.181, 0.2678031, 0.31951, 0.0, 0.2897541, 0.2678031, 0.3021931, 0.2121931, 0.2187541, 0.1997541, 0.0, 0.0531441, 0.44070310000000007, 0.17099999999999999, 0.0, 0.14661, 0.14661, 0.14661, 0.14661, 0.081, 0.0, 0.0, 0.36780310000000005, 0.46855900000000006, 0.0, 0.0, 0.0, 0.0, 0.0, 0.0, 0.0, 0.0, 0.0, 0.5217031000000001], "b": [0.33661, 0.0729, 0.0, 0.0, 0.0, 0.0, 0.0, 0.0, 0.0, 0.0, 0.33661, 0.0729, 0.0, 0.0, 0.0, 0.0, 0.0, 0.0, 0.0, 0.0, 0.33661, 0.0729, 0.0, 0.0, 0.0, 0.0, 0.0, 0.0, 0.0, 0.0, 0.33661, 0.0729, 0.0, 0.0, 0.0, 0.0, 0.0, 0.0, 0.0, 0.0, 0.24661, 0.1629, 0.0, 0.0, 0.0, 0.0, 0.0, 0.0, 0.0, 0.0, 0.24661, 0.1629, 0.0, 0.0, 0.0, 0.0, 0.0, 0.0, 0.0, 0.0, 0.24661, 0.22851000000000002, 0.23851, 0.31951, 0.31951, 0.31951, 0.31951, 0.31951, 0.31951, 0.13851, 0.40951000000000004, 0.34390000000000004, 0.17099999999999999, 0.09, 0.09, 0.09, 0.09, 0.09, 0.17099999999999999, 0.40951000000000004, 0.40951000000000004, 0.1629, 0.0, 0.0, 0.0, 0.0, 0.0, 0.0, 0.0, 0.40951000000000004, 0.40951000000000004, 0.23661000000000001, 0.40951000000000004, 0.40951000000000004, 0.40951000000000004, 0.40951000000000004, 0.40951000000000004, 0.40951000000000004, 0.40951000000000004, 0.40951000000000004],